fpr,tpr,threshold
0.0,0.0,1.9997685800785274
0.0,0.000984251968503937,0.9997685800785273
0.0032310177705977385,0.000984251968503937,0.9977571964395361
0.0032310177705977385,0.001968503937007874,0.9975891237935343
0.004846526655896607,0.001968503937007874,0.9972340861066452
0.004846526655896607,0.012795275590551181,0.9929413003945663
0.008077544426494346,0.012795275590551181,0.9920487000570277
0.008077544426494346,0.01968503937007874,0.9895416267238155
0.009693053311793215,0.01968503937007874,0.9893358999662332
0.009693053311793215,0.022637795275590553,0.9885561820312718
0.011308562197092083,0.022637795275590553,0.9879950604668037
0.011308562197092083,0.03248031496062992,0.9845982646161001
0.012924071082390954,0.03248031496062992,0.9839692550450477
0.012924071082390954,0.03346456692913386,0.983938809022247
0.01615508885298869,0.03346456692913386,0.9828083381735541
0.01615508885298869,0.04232283464566929,0.9812891963009905
0.017770597738287562,0.04232283464566929,0.9812528532267415
0.017770597738287562,0.04330708661417323,0.9812445736162273
0.01938610662358643,0.04330708661417323,0.9810401999614058
0.01938610662358643,0.047244094488188976,0.9777799264381555
0.0210016155088853,0.047244094488188976,0.9772725295442335
0.0210016155088853,0.04822834645669291,0.9769682340689908
0.022617124394184167,0.04822834645669291,0.9765529020373254
0.022617124394184167,0.04921259842519685,0.9764486322336361
0.024232633279483037,0.04921259842519685,0.9764477906970784
0.024232633279483037,0.0531496062992126,0.9748371382381743
0.025848142164781908,0.0531496062992126,0.9746706238611048
0.025848142164781908,0.05511811023622047,0.9741736522856269
0.027463651050080775,0.05511811023622047,0.9738313381217142
0.027463651050080775,0.06496062992125984,0.9710524713666845
0.029079159935379646,0.06496062992125984,0.9705159949049128
0.029079159935379646,0.06692913385826772,0.9697934298143661
0.030694668820678513,0.06692913385826772,0.9693335655058672
0.030694668820678513,0.06791338582677166,0.9692568199065669
0.03231017770597738,0.06791338582677166,0.9687780583372798
0.03231017770597738,0.06988188976377953,0.9682197980965211
0.033925686591276254,0.06988188976377953,0.9678595566019051
0.033925686591276254,0.08070866141732283,0.9653446644267847
0.035541195476575124,0.08070866141732283,0.965222139412907
0.035541195476575124,0.08366141732283465,0.9644775901907517
0.03715670436187399,0.08366141732283465,0.9644642216325378
0.03715670436187399,0.08562992125984252,0.9642545047558305
0.03877221324717286,0.08562992125984252,0.9641534302392328
0.03877221324717286,0.09744094488188976,0.9597401936760712
0.04038772213247173,0.09744094488188976,0.9596137687774641
0.04038772213247173,0.0984251968503937,0.9593557525356037
0.04361873990306947,0.0984251968503937,0.9588042526401217
0.04361873990306947,0.10334645669291338,0.9561103394186876
0.046849757673667204,0.10334645669291338,0.9544123830113526
0.046849757673667204,0.10433070866141732,0.9544081605471287
0.048465266558966075,0.10433070866141732,0.9543273715569924
0.048465266558966075,0.10925196850393701,0.9530502456425991
0.050080775444264945,0.10925196850393701,0.9528014148584641
0.050080775444264945,0.12303149606299213,0.9484343169572595
0.051696284329563816,0.12303149606299213,0.9481174577791778
0.051696284329563816,0.13681102362204725,0.943889944830158
0.05331179321486268,0.13681102362204725,0.9433932399263025
0.05331179321486268,0.1466535433070866,0.9407205114863814
0.05492730210016155,0.1466535433070866,0.9400571319626254
0.05492730210016155,0.14763779527559054,0.940010367044541
0.05815831987075929,0.14763779527559054,0.9388495063185062
0.05815831987075929,0.1486220472440945,0.9388395226343265
0.05977382875605816,0.1486220472440945,0.9384172727201153
0.05977382875605816,0.14960629921259844,0.93790728633994
0.06462035541195477,0.14960629921259844,0.9371368329445663
0.06462035541195477,0.15059055118110237,0.9367273765226838
0.06623586429725363,0.15059055118110237,0.9366533312413797
0.06623586429725363,0.15649606299212598,0.9351180130807699
0.06785137318255251,0.15649606299212598,0.9350246424063053
0.06785137318255251,0.15846456692913385,0.9344145719124087
0.07269789983844911,0.15846456692913385,0.9326018155798383
0.07269789983844911,0.16043307086614172,0.9324251517237194
0.07431340872374798,0.16043307086614172,0.9316964001134834
0.07431340872374798,0.17913385826771652,0.9258943738348423
0.07754442649434572,0.17913385826771652,0.9255986125811353
0.07754442649434572,0.18208661417322836,0.9248706926895756
0.0791599353796446,0.18208661417322836,0.924240524220888
0.0791599353796446,0.18405511811023623,0.9238190452044095
0.08239095315024232,0.18405511811023623,0.9231972127216781
0.08239095315024232,0.18503937007874016,0.9229089705106635
0.08562197092084006,0.18503937007874016,0.9222098037874921
0.08562197092084006,0.1860236220472441,0.9216504376151317
0.08723747980613894,0.1860236220472441,0.9215425140732478
0.08723747980613894,0.18799212598425197,0.9209463322434215
0.0888529886914378,0.18799212598425197,0.9202749365068141
0.0888529886914378,0.1919291338582677,0.9199903198034811
0.09046849757673667,0.1919291338582677,0.919982635996575
0.09046849757673667,0.19980314960629922,0.9168197836797953
0.09208400646203554,0.19980314960629922,0.9156867613341225
0.09208400646203554,0.20374015748031496,0.914841318842111
0.09369951534733441,0.20374015748031496,0.9147185741654577
0.09369951534733441,0.20669291338582677,0.914008724362131
0.09531502423263329,0.20669291338582677,0.9138973843601411
0.09531502423263329,0.20964566929133857,0.9107267643077757
0.09693053311793215,0.20964566929133857,0.9107194596553345
0.09693053311793215,0.2106299212598425,0.9103862582431651
0.10016155088852989,0.2106299212598425,0.9102242171712727
0.10016155088852989,0.21358267716535434,0.9095385637989061
0.10177705977382875,0.21358267716535434,0.9092818332758158
0.10177705977382875,0.21751968503937008,0.9081804510628102
0.10662358642972536,0.21751968503937008,0.907058980747607
0.10662358642972536,0.21850393700787402,0.9065613355509778
0.10823909531502424,0.21850393700787402,0.9064575204752704
0.10823909531502424,0.21948818897637795,0.9064095841575799
0.11147011308562198,0.21948818897637795,0.9057231912930147
0.11147011308562198,0.2234251968503937,0.9050797968643076
0.1147011308562197,0.2234251968503937,0.904032116401421
0.1147011308562197,0.22440944881889763,0.9038800045398957
0.11631663974151858,0.22440944881889763,0.9035774911023037
0.11631663974151858,0.234251968503937,0.9006318260700269
0.11793214862681745,0.234251968503937,0.9005879784374546
0.11793214862681745,0.23523622047244094,0.9003817384132563
0.11954765751211632,0.23523622047244094,0.9002798962220936
0.11954765751211632,0.2372047244094488,0.8998101969114
0.12116316639741519,0.2372047244094488,0.8987185304457462
0.12116316639741519,0.23818897637795275,0.8985183924545102
0.12277867528271405,0.23818897637795275,0.8981738404191407
0.12277867528271405,0.24015748031496062,0.8978915879797064
0.12439418416801293,0.24015748031496062,0.8977824224629071
0.12439418416801293,0.24114173228346455,0.897664127305539
0.12762520193861066,0.24114173228346455,0.8972198024872698
0.12762520193861066,0.24507874015748032,0.8967152095653451
0.1308562197092084,0.24507874015748032,0.8961055456885759
0.1308562197092084,0.24606299212598426,0.8951395690751823
0.13247172859450726,0.24606299212598426,0.8936812082533477
0.13247172859450726,0.25,0.8930261951467803
0.13408723747980614,0.25,0.8926495405664862
0.13408723747980614,0.25098425196850394,0.8925560632547892
0.13731825525040386,0.25098425196850394,0.8921674665696491
0.13731825525040386,0.25393700787401574,0.8917982958622201
0.13893376413570274,0.25393700787401574,0.8917929385414641
0.13893376413570274,0.2559055118110236,0.8915832267722879
0.14054927302100162,0.2559055118110236,0.8908191396492973
0.14054927302100162,0.25688976377952755,0.8907821140751648
0.1421647819063005,0.25688976377952755,0.8900658133969163
0.1421647819063005,0.2588582677165354,0.8887653131095314
0.14539579967689822,0.2588582677165354,0.8873036027730833
0.14539579967689822,0.2608267716535433,0.8866597012069295
0.1470113085621971,0.2608267716535433,0.8864944762428186
0.1470113085621971,0.2618110236220472,0.8860608887276842
0.1518578352180937,0.2618110236220472,0.8854234560551568
0.1518578352180937,0.27165354330708663,0.8823675052517732
0.15347334410339256,0.27165354330708663,0.8822170644714458
0.15347334410339256,0.27263779527559057,0.8816608059123545
0.1567043618739903,0.27263779527559057,0.8814996749051253
0.1567043618739903,0.281496062992126,0.8782910294610772
0.1583198707592892,0.281496062992126,0.8772291072109469
0.1583198707592892,0.2844488188976378,0.876728309959132
0.1631663974151858,0.2844488188976378,0.8762703958077175
0.1631663974151858,0.2854330708661417,0.8760959222728361
0.16478190630048464,0.2854330708661417,0.8760788493324101
0.16478190630048464,0.28641732283464566,0.8760697061551467
0.16639741518578352,0.28641732283464566,0.8756876808885894
0.16639741518578352,0.297244094488189,0.8707188704727773
0.1680129240710824,0.297244094488189,0.8701256778782039
0.1680129240710824,0.3021653543307087,0.8676650425502807
0.17124394184168013,0.3021653543307087,0.8664226366514094
0.17124394184168013,0.3061023622047244,0.8634170119382443
0.172859450726979,0.3061023622047244,0.8632757219423156
0.172859450726979,0.3080708661417323,0.8628023658397515
0.17609046849757673,0.3080708661417323,0.8623306434890784
0.17609046849757673,0.31003937007874016,0.8620936885438119
0.18093699515347333,0.31003937007874016,0.8607377859627372
0.18093699515347333,0.31791338582677164,0.8576756777158875
0.1825525040387722,0.31791338582677164,0.8574476443723964
0.1825525040387722,0.32086614173228345,0.8563757129608003
0.1841680129240711,0.32086614173228345,0.8554689347406456
0.1841680129240711,0.3297244094488189,0.8532039679319954
0.18578352180936994,0.3297244094488189,0.8524995371996668
0.18578352180936994,0.3454724409448819,0.8471909818784708
0.18739903069466882,0.3454724409448819,0.8471864210718236
0.18739903069466882,0.3464566929133858,0.8470033362058107
0.19224555735056542,0.3464566929133858,0.8462117232051591
0.19224555735056542,0.3484251968503937,0.8460604482495164
0.1938610662358643,0.3484251968503937,0.8458050498019508
0.1938610662358643,0.35039370078740156,0.8443678553481319
0.19709208400646203,0.35039370078740156,0.8433615078729565
0.19709208400646203,0.3513779527559055,0.8430988384103884
0.1987075928917609,0.3513779527559055,0.8430230977000513
0.1987075928917609,0.35334645669291337,0.8427319523698361
0.20032310177705978,0.35334645669291337,0.8426805293831873
0.20032310177705978,0.3641732283464567,0.8380783197032021
0.2035541195476575,0.3641732283464567,0.8368724472844752
0.2035541195476575,0.3661417322834646,0.8355408874626112
0.20516962843295639,0.3661417322834646,0.83517967913505
0.20516962843295639,0.36811023622047245,0.833901157939751
0.2084006462035541,0.36811023622047245,0.8330701736676339
0.2084006462035541,0.375,0.8309271496087852
0.210016155088853,0.375,0.8301342430110071
0.210016155088853,0.37598425196850394,0.830015419135135
0.21647819063004847,0.37598425196850394,0.8283742880634768
0.21647819063004847,0.37893700787401574,0.8277603807514211
0.21809369951534732,0.37893700787401574,0.8268897788635935
0.21809369951534732,0.3828740157480315,0.8256900023046091
0.22617124394184168,0.3828740157480315,0.8229317835225267
0.22617124394184168,0.38484251968503935,0.8218234733083946
0.22778675282714056,0.38484251968503935,0.8218003599232637
0.22778675282714056,0.3868110236220472,0.821295398258821
0.23263327948303716,0.3868110236220472,0.820953852556737
0.23263327948303716,0.38779527559055116,0.820060251927271
0.23747980613893377,0.38779527559055116,0.8191232584089071
0.23747980613893377,0.38976377952755903,0.8184367217837927
0.24717285945072698,0.38976377952755903,0.8144694730935064
0.24717285945072698,0.390748031496063,0.8140476643560923
0.24878836833602586,0.390748031496063,0.8136658505828941
0.24878836833602586,0.39468503937007876,0.8116335758527249
0.25040387722132473,0.39468503937007876,0.8114688429774845
0.25040387722132473,0.3956692913385827,0.8108413980901659
0.2520193861066236,0.3956692913385827,0.8101571650360235
0.2520193861066236,0.4015748031496063,0.8068811735163282
0.2552504038772213,0.4015748031496063,0.8066033032972167
0.2552504038772213,0.40551181102362205,0.8042559947402359
0.2568659127625202,0.40551181102362205,0.8031968097062195
0.2568659127625202,0.4242125984251969,0.7967462516302255
0.25848142164781907,0.4242125984251969,0.7958722567457658
0.25848142164781907,0.4251968503937008,0.7953629867722362
0.2633279483037157,0.4251968503937008,0.7942751313631603
0.2633279483037157,0.42618110236220474,0.793551185930453
0.2649434571890145,0.42618110236220474,0.7931270731427518
0.2649434571890145,0.43208661417322836,0.7909392607226566
0.2665589660743134,0.43208661417322836,0.7896880004785094
0.2665589660743134,0.4330708661417323,0.7884242064488111
0.26978998384491115,0.4330708661417323,0.787271322788683
0.26978998384491115,0.43700787401574803,0.785862043125883
0.2730210016155089,0.43700787401574803,0.7856304605621941
0.2730210016155089,0.4389763779527559,0.7843481788895589
0.2762520193861066,0.4389763779527559,0.7822137667548172
0.2762520193861066,0.43996062992125984,0.7821798282527197
0.28109854604200324,0.43996062992125984,0.7807003304638124
0.28109854604200324,0.4409448818897638,0.7805292004346123
0.284329563812601,0.4409448818897638,0.779636281924549
0.284329563812601,0.4448818897637795,0.7774717294758949
0.2859450726978998,0.4448818897637795,0.7774531440266567
0.2859450726978998,0.4478346456692913,0.776474322792817
0.2875605815831987,0.4478346456692913,0.7764014135359056
0.2875605815831987,0.45570866141732286,0.7717848031140168
0.2924071082390953,0.45570866141732286,0.7710474382360366
0.2924071082390953,0.46653543307086615,0.7617342134305379
0.2940226171243942,0.46653543307086615,0.7613747726541994
0.2940226171243942,0.46948818897637795,0.7608496562734932
0.2956381260096931,0.46948818897637795,0.7602730902474214
0.2956381260096931,0.4704724409448819,0.7598775375339503
0.2972536348949919,0.4704724409448819,0.7596815387554279
0.2972536348949919,0.4734251968503937,0.7580770698529523
0.3053311793214863,0.4734251968503937,0.7545867346732236
0.3053311793214863,0.47736220472440943,0.7532303189252973
0.308562197092084,0.47736220472440943,0.7520285635123126
0.308562197092084,0.48031496062992124,0.7510245461299307
0.31017770597738287,0.48031496062992124,0.7502212337733573
0.31017770597738287,0.4881889763779528,0.7473231839262422
0.31179321486268174,0.4881889763779528,0.7470573704662969
0.31179321486268174,0.49606299212598426,0.7415672399260428
0.3134087237479806,0.49606299212598426,0.741138159749399
0.3134087237479806,0.5009842519685039,0.7394476989957035
0.3166397415185784,0.5009842519685039,0.7381475594226045
0.3166397415185784,0.5019685039370079,0.7380105451859406
0.3198707592891761,0.5019685039370079,0.7370223204662564
0.3198707592891761,0.5039370078740157,0.735126186202373
0.32148626817447495,0.5039370078740157,0.7346451750460168
0.32148626817447495,0.5068897637795275,0.731774917865956
0.3247172859450727,0.5068897637795275,0.7315763919602913
0.3247172859450727,0.5078740157480315,0.7312294029734088
0.3263327948303716,0.5078740157480315,0.7311988608255434
0.3263327948303716,0.5088582677165354,0.7310342852996783
0.3295638126009693,0.5088582677165354,0.7294705861412208
0.3295638126009693,0.5108267716535433,0.7280363544550952
0.33279483037156704,0.5108267716535433,0.7252606879846137
0.33279483037156704,0.5137795275590551,0.7242819228190764
0.3344103392568659,0.5137795275590551,0.7242164105922925
0.3344103392568659,0.5196850393700787,0.7185964915216464
0.3360258481421648,0.5196850393700787,0.7177823193654281
0.3360258481421648,0.5255905511811023,0.7164412948601184
0.3376413570274637,0.5255905511811023,0.714541196862859
0.3376413570274637,0.5265748031496063,0.712777218510622
0.3392568659127625,0.5265748031496063,0.712651181770999
0.3392568659127625,0.53248031496063,0.7102311235166574
0.3408723747980614,0.53248031496063,0.7101109069896353
0.3408723747980614,0.5344488188976378,0.7089598687249049
0.34248788368336025,0.5344488188976378,0.7076062472661476
0.34248788368336025,0.5393700787401575,0.7061993954471145
0.345718901453958,0.5393700787401575,0.7050667088760312
0.345718901453958,0.5403543307086615,0.7047058856516935
0.3473344103392569,0.5403543307086615,0.70434710287917
0.3473344103392569,0.5413385826771654,0.7043118151022579
0.34894991922455576,0.5413385826771654,0.7023415205526707
0.34894991922455576,0.5433070866141733,0.7013377213773544
0.3505654281098546,0.5433070866141733,0.7011337622393331
0.3505654281098546,0.5442913385826772,0.7006362159084886
0.3554119547657512,0.5442913385826772,0.7002856701374447
0.3554119547657512,0.5521653543307087,0.6947381638098181
0.3570274636510501,0.5521653543307087,0.6945380067147534
0.3570274636510501,0.5580708661417323,0.6916103924315462
0.35864297253634897,0.5580708661417323,0.6911490797268083
0.35864297253634897,0.5610236220472441,0.6889382706068644
0.3602584814216478,0.5610236220472441,0.6879965143859086
0.3602584814216478,0.5639763779527559,0.6868798236294594
0.36187399030694667,0.5639763779527559,0.6866974016132713
0.36187399030694667,0.5649606299212598,0.685318368723013
0.36348949919224555,0.5649606299212598,0.6846884312811453
0.36348949919224555,0.5679133858267716,0.6829490869575647
0.3651050080775444,0.5679133858267716,0.682771849382017
0.3651050080775444,0.5698818897637795,0.6817987272229256
0.3667205169628433,0.5698818897637795,0.6817707511567067
0.3667205169628433,0.5757874015748031,0.6770127637520501
0.3683360258481422,0.5757874015748031,0.6764213183739937
0.3683360258481422,0.5797244094488189,0.6739832440992735
0.37479806138933763,0.5797244094488189,0.6724633588962656
0.37479806138933763,0.5807086614173228,0.6718997298817879
0.3764135702746365,0.5807086614173228,0.6713504657607269
0.3764135702746365,0.5816929133858267,0.6712512022954197
0.3780290791599354,0.5816929133858267,0.6706871627167055
0.3780290791599354,0.5836614173228346,0.6695273678046869
0.37964458804523427,0.5836614173228346,0.6689441270003655
0.37964458804523427,0.5846456692913385,0.6678501774667815
0.38126009693053314,0.5846456692913385,0.6668225731811421
0.38126009693053314,0.5875984251968503,0.6655176452642961
0.38287560581583197,0.5875984251968503,0.6652228491135205
0.38287560581583197,0.5885826771653543,0.664660928664161
0.38449111470113084,0.5885826771653543,0.6640600433768254
0.38449111470113084,0.5964566929133859,0.659991963080646
0.3861066235864297,0.5964566929133859,0.659906203439396
0.3861066235864297,0.6023622047244095,0.6578960881016155
0.3877221324717286,0.6023622047244095,0.6577638002823185
0.3877221324717286,0.6043307086614174,0.6570881990245435
0.3893376413570275,0.6043307086614174,0.6570070762545074
0.3893376413570275,0.6082677165354331,0.6554197616732185
0.3974151857835218,0.6082677165354331,0.6522602300220751
0.3974151857835218,0.6151574803149606,0.6455842396754299
0.3990306946688207,0.6151574803149606,0.6446775478474462
0.3990306946688207,0.6161417322834646,0.6440828069657745
0.40064620355411956,0.6161417322834646,0.6428269826481328
0.40064620355411956,0.6200787401574803,0.6416962659136695
0.40549273021001614,0.6200787401574803,0.6411085091272835
0.40549273021001614,0.6210629921259843,0.6406927222942015
0.4087237479806139,0.6210629921259843,0.6380857370552774
0.4087237479806139,0.6230314960629921,0.6363160419156901
0.41195476575121165,0.6230314960629921,0.6353344491583975
0.41195476575121165,0.6289370078740157,0.6323259668890245
0.4135702746365105,0.6289370078740157,0.63217524884759
0.4135702746365105,0.6348425196850394,0.6290074913509707
0.41518578352180935,0.6348425196850394,0.6285554954258598
0.41518578352180935,0.6358267716535433,0.6269239673642606
0.4168012924071082,0.6358267716535433,0.6254424593638495
0.4168012924071082,0.6368110236220472,0.6252350526228005
0.4184168012924071,0.6368110236220472,0.6244673851911908
0.4184168012924071,0.6377952755905512,0.6234649885011433
0.420032310177706,0.6377952755905512,0.6233750476164295
0.420032310177706,0.6387795275590551,0.6233503687995199
0.42164781906300486,0.6387795275590551,0.6232337017519434
0.42164781906300486,0.6417322834645669,0.6223092776153863
0.4281098546042003,0.6417322834645669,0.6198137245034907
0.4281098546042003,0.6437007874015748,0.6187584490198152
0.4297253634894992,0.6437007874015748,0.6179906426954035
0.4297253634894992,0.6456692913385826,0.6175188834937904
0.43134087237479807,0.6456692913385826,0.6172862189421685
0.43134087237479807,0.6486220472440944,0.6130662548584177
0.4345718901453958,0.6486220472440944,0.6095051815541445
0.4345718901453958,0.6545275590551181,0.602279079188118
0.43618739903069464,0.6545275590551181,0.6020161376984314
0.43618739903069464,0.655511811023622,0.6001869417103909
0.4378029079159935,0.655511811023622,0.6000110015149569
0.4378029079159935,0.6653543307086615,0.5895808551139755
0.4394184168012924,0.6653543307086615,0.5894562021077095
0.4394184168012924,0.6683070866141733,0.5888721577404156
0.4491114701130856,0.6683070866141733,0.5855330215863904
0.4491114701130856,0.6761811023622047,0.5808738325290826
0.45234248788368336,0.6761811023622047,0.5805422167350242
0.45234248788368336,0.6781496062992126,0.5788912958950178
0.45395799676898224,0.6781496062992126,0.5786951508404318
0.45395799676898224,0.6801181102362205,0.5775307147896969
0.4588045234248788,0.6801181102362205,0.5769754174672098
0.4588045234248788,0.6811023622047244,0.5745751515475579
0.4604200323101777,0.6811023622047244,0.5740811162161138
0.4604200323101777,0.687992125984252,0.5701182189805905
0.4620355411954766,0.687992125984252,0.5692843017963147
0.4620355411954766,0.6899606299212598,0.5660111150676738
0.46365105008077545,0.6899606299212598,0.5651717351890584
0.46365105008077545,0.6909448818897638,0.5639904620915591
0.46526655896607433,0.6909448818897638,0.5638172562107281
0.46526655896607433,0.6919291338582677,0.5635269861158119
0.4668820678513732,0.6919291338582677,0.5632656992641334
0.4668820678513732,0.6929133858267716,0.5617049068317572
0.46849757673667203,0.6929133858267716,0.5609424156747922
0.46849757673667203,0.6958661417322834,0.5596210800772125
0.47334410339256866,0.6958661417322834,0.5587274050782228
0.47334410339256866,0.6968503937007874,0.5586221955170927
0.4781906300484653,0.6968503937007874,0.5564493696014444
0.4781906300484653,0.6978346456692913,0.5557395351695996
0.4798061389337641,0.6978346456692913,0.5554226026523558
0.4798061389337641,0.6988188976377953,0.5547670560997041
0.481421647819063,0.6988188976377953,0.5538528913370956
0.481421647819063,0.6998031496062992,0.5515599562504702
0.4862681744749596,0.6998031496062992,0.5494540762588678
0.4862681744749596,0.7007874015748031,0.5488875773067108
0.4878836833602585,0.7007874015748031,0.5485972301626117
0.4878836833602585,0.7076771653543307,0.5452679020170564
0.4911147011308562,0.7076771653543307,0.5440427445198728
0.4911147011308562,0.7086614173228346,0.5434706308277477
0.4927302100161551,0.7086614173228346,0.5430997797927858
0.4927302100161551,0.7096456692913385,0.5410493666070637
0.4975767366720517,0.7096456692913385,0.536510375468557
0.4975767366720517,0.7125984251968503,0.5337582949227619
0.4991922455573506,0.7125984251968503,0.5333123401702493
0.4991922455573506,0.7145669291338582,0.5309206140514837
0.5040387722132472,0.7145669291338582,0.5277473336593289
0.5040387722132472,0.7155511811023622,0.5274632781414168
0.5072697899838449,0.7155511811023622,0.5270714525125886
0.5072697899838449,0.718503937007874,0.5254247496169058
0.5088852988691438,0.718503937007874,0.524948552869115
0.5088852988691438,0.7204724409448819,0.5241464344331144
0.5105008077544426,0.7204724409448819,0.5241404340328634
0.5105008077544426,0.7234251968503937,0.5220164780916856
0.5121163166397416,0.7234251968503937,0.5218472517489249
0.5121163166397416,0.7253937007874016,0.5204354608534716
0.5137318255250404,0.7253937007874016,0.5192605173225966
0.5137318255250404,0.7263779527559056,0.5192248363322113
0.5153473344103393,0.7263779527559056,0.5190654606385581
0.5153473344103393,0.7283464566929134,0.5188746519440514
0.518578352180937,0.7283464566929134,0.5185458403267956
0.518578352180937,0.7312992125984252,0.5172394553270478
0.5201938610662359,0.7312992125984252,0.5171945327177017
0.5201938610662359,0.7332677165354331,0.5164178422777584
0.5218093699515347,0.7332677165354331,0.5160917187938421
0.5218093699515347,0.7362204724409449,0.5133342893390893
0.5266558966074314,0.7362204724409449,0.5121719082130383
0.5266558966074314,0.7372047244094488,0.509092416263773
0.5282714054927302,0.7372047244094488,0.5089281221385216
0.5282714054927302,0.7401574803149606,0.508335799159708
0.529886914378029,0.7401574803149606,0.507282760079291
0.529886914378029,0.7431102362204725,0.5046114056427436
0.531502423263328,0.7431102362204725,0.5044210378082871
0.531502423263328,0.7470472440944882,0.5018347966044564
0.5363489499192245,0.7470472440944882,0.5014406486115405
0.5363489499192245,0.75,0.5011172556325002
0.5411954765751211,0.75,0.4994937674914494
0.5411954765751211,0.7519685039370079,0.498445628619745
0.5476575121163166,0.7519685039370079,0.49462156102817584
0.5476575121163166,0.7608267716535433,0.4906175614717273
0.5492730210016155,0.7608267716535433,0.48858896518254435
0.5492730210016155,0.7637795275590551,0.48752971426859704
0.5508885298869144,0.7637795275590551,0.48668990096811615
0.5508885298869144,0.765748031496063,0.4856391673482915
0.555735056542811,0.765748031496063,0.48305521214160685
0.555735056542811,0.7667322834645669,0.4823975366648998
0.5573505654281099,0.7667322834645669,0.48191697441365844
0.5573505654281099,0.7716535433070866,0.47462399650127235
0.5589660743134087,0.7716535433070866,0.474349840510321
0.5589660743134087,0.7726377952755905,0.4730491015052204
0.5605815831987075,0.7726377952755905,0.4722973800738397
0.5605815831987075,0.7746062992125984,0.4715988155547879
0.5621970920840065,0.7746062992125984,0.47089520424609715
0.5621970920840065,0.7755905511811023,0.4707090600645471
0.5638126009693053,0.7755905511811023,0.4693167479326919
0.5638126009693053,0.7765748031496063,0.46927730803631335
0.5654281098546042,0.7765748031496063,0.4688247766730473
0.5654281098546042,0.7775590551181102,0.46839532863667904
0.568659127625202,0.7775590551181102,0.4658828700246158
0.568659127625202,0.7785433070866141,0.4646246675282267
0.5735056542810986,0.7785433070866141,0.46403848458454244
0.5735056542810986,0.7795275590551181,0.4640253813696383
0.5783521809369951,0.7795275590551181,0.4615018517991576
0.5783521809369951,0.780511811023622,0.4614151071965938
0.5831987075928917,0.780511811023622,0.45586024883601484
0.5831987075928917,0.781496062992126,0.4550994410242804
0.5880452342487884,0.781496062992126,0.4546180821167314
0.5880452342487884,0.78248031496063,0.4535134928154763
0.5945072697899838,0.78248031496063,0.45144977653257723
0.5945072697899838,0.7854330708661418,0.44859777487355684
0.5961227786752827,0.7854330708661418,0.4466298773240346
0.5961227786752827,0.7864173228346457,0.44591680336614514
0.5977382875605816,0.7864173228346457,0.4450168288413935
0.5977382875605816,0.7874015748031497,0.44501350765550707
0.6009693053311793,0.7874015748031497,0.4438943260645295
0.6009693053311793,0.7893700787401575,0.44256272580806977
0.6058158319870759,0.7893700787401575,0.4410768198899728
0.6058158319870759,0.7923228346456693,0.44030279552114004
0.6074313408723748,0.7923228346456693,0.43826829929961586
0.6074313408723748,0.7952755905511811,0.4361482262830392
0.6090468497576736,0.7952755905511811,0.4337639103119721
0.6090468497576736,0.7962598425196851,0.43319987543334915
0.6106623586429726,0.7962598425196851,0.4325512619717258
0.6106623586429726,0.797244094488189,0.43167323007806957
0.6138933764135702,0.797244094488189,0.43124961875986845
0.6138933764135702,0.8001968503937008,0.43008272097225314
0.6155088852988692,0.8001968503937008,0.42992703653976583
0.6155088852988692,0.8041338582677166,0.42758954560239437
0.617124394184168,0.8041338582677166,0.42432486478454146
0.617124394184168,0.8051181102362205,0.4237877771904045
0.6187399030694669,0.8051181102362205,0.4219567748748881
0.6187399030694669,0.8100393700787402,0.42090394893588196
0.6203554119547657,0.8100393700787402,0.4195596644674348
0.6203554119547657,0.8169291338582677,0.41574340253994513
0.6219709208400647,0.8169291338582677,0.41490670431063176
0.6219709208400647,0.8188976377952756,0.41371532753232165
0.6235864297253635,0.8188976377952756,0.4121441918416236
0.6235864297253635,0.8208661417322834,0.4117955158193467
0.6284329563812601,0.8208661417322834,0.4088033922701911
0.6284329563812601,0.8248031496062992,0.4060527229397766
0.630048465266559,0.8248031496062992,0.4054145515978689
0.630048465266559,0.8257874015748031,0.4043713059041403
0.6365105008077544,0.8257874015748031,0.4013812694168756
0.6365105008077544,0.8267716535433071,0.4002702008624074
0.6381260096930533,0.8267716535433071,0.3997536412809669
0.6381260096930533,0.8287401574803149,0.39874402134654807
0.6397415185783522,0.8287401574803149,0.398090725481734
0.6397415185783522,0.8297244094488189,0.3975408635986702
0.6413570274636511,0.8297244094488189,0.3964982310888781
0.6413570274636511,0.8336614173228346,0.3917979574767387
0.6445880452342488,0.8336614173228346,0.387756533484205
0.6445880452342488,0.8346456692913385,0.38749422170996534
0.6462035541195477,0.8346456692913385,0.38643321189136265
0.6462035541195477,0.84251968503937,0.3812027677017521
0.6510500807754442,0.84251968503937,0.3719891846129805
0.6510500807754442,0.844488188976378,0.3700972240358892
0.6526655896607432,0.844488188976378,0.36981682476733824
0.6526655896607432,0.8454724409448819,0.369378969300368
0.6558966074313409,0.8454724409448819,0.36476496059986363
0.6558966074313409,0.8484251968503937,0.3605548625473168
0.6575121163166397,0.8484251968503937,0.36046523233519845
0.6575121163166397,0.8494094488188977,0.3592339955438187
0.6591276252019386,0.8494094488188977,0.3591662821954959
0.6591276252019386,0.8523622047244095,0.35747754087458405
0.6655896607431341,0.8523622047244095,0.3504630579316996
0.6655896607431341,0.8533464566929134,0.34978302431994496
0.6672051696284329,0.8533464566929134,0.348938432689908
0.6672051696284329,0.8572834645669292,0.34636315227222225
0.6704361873990307,0.8572834645669292,0.34553906276465984
0.6704361873990307,0.8582677165354331,0.34486211231752634
0.6720516962843296,0.8582677165354331,0.34465470233031376
0.6720516962843296,0.859251968503937,0.3433364637887797
0.6736672051696284,0.859251968503937,0.34287228734167735
0.6736672051696284,0.8612204724409449,0.3425643541121041
0.6752827140549273,0.8612204724409449,0.3425048174968327
0.6752827140549273,0.8622047244094488,0.342335526871494
0.678513731825525,0.8622047244094488,0.341296875154482
0.678513731825525,0.8661417322834646,0.34023646418534303
0.6801292407108239,0.8661417322834646,0.339758306056867
0.6801292407108239,0.8671259842519685,0.3391843296853771
0.6833602584814217,0.8671259842519685,0.3386645179671298
0.6833602584814217,0.8700787401574803,0.3341512604412861
0.6865912762520194,0.8700787401574803,0.3325360340865625
0.6865912762520194,0.8710629921259843,0.33206196337472493
0.6898222940226171,0.8710629921259843,0.3291791065465213
0.6898222940226171,0.8720472440944882,0.3289144876617721
0.6930533117932148,0.8720472440944882,0.32764471870908113
0.6930533117932148,0.8740157480314961,0.3268117246818084
0.6978998384491115,0.8740157480314961,0.3243368439052467
0.6978998384491115,0.8759842519685039,0.32314478137991254
0.7011308562197092,0.8759842519685039,0.3193217612006435
0.7011308562197092,0.8789370078740157,0.31829870480215117
0.7043618739903069,0.8789370078740157,0.3131369466801107
0.7043618739903069,0.8799212598425197,0.31080828282837647
0.7075928917609047,0.8799212598425197,0.3107287957457432
0.7075928917609047,0.8809055118110236,0.3097116892293418
0.7092084006462036,0.8809055118110236,0.30925353385119325
0.7092084006462036,0.8818897637795275,0.3088281284238831
0.7140549273021002,0.8818897637795275,0.3050606191125209
0.7140549273021002,0.8828740157480315,0.30474206509128265
0.715670436187399,0.8828740157480315,0.3029177650127815
0.715670436187399,0.8848425196850394,0.29937413193640366
0.7172859450726979,0.8848425196850394,0.29551118670562715
0.7172859450726979,0.8887795275590551,0.2938207975838595
0.7189014539579968,0.8887795275590551,0.29349830810434774
0.7189014539579968,0.889763779527559,0.29326783381050653
0.7221324717285945,0.889763779527559,0.2921668839329641
0.7221324717285945,0.890748031496063,0.29149438585860304
0.7237479806138933,0.890748031496063,0.2912569874508244
0.7237479806138933,0.8946850393700787,0.2897801109566351
0.7253634894991923,0.8946850393700787,0.2894711954967898
0.7253634894991923,0.8976377952755905,0.2889795656422607
0.7334410339256866,0.8976377952755905,0.28482984091427416
0.7334410339256866,0.8986220472440944,0.28325762741533395
0.7350565428109854,0.8986220472440944,0.2810998348837853
0.7350565428109854,0.8996062992125984,0.28067387620192824
0.7366720516962844,0.8996062992125984,0.27960542023804025
0.7366720516962844,0.9005905511811023,0.2784438994304601
0.7415185783521809,0.9005905511811023,0.27714786947709835
0.7415185783521809,0.9025590551181102,0.27581873537127694
0.7463651050080775,0.9025590551181102,0.2729085709016396
0.7463651050080775,0.9035433070866141,0.2720063756316621
0.7479806138933764,0.9035433070866141,0.2714879756689485
0.7479806138933764,0.905511811023622,0.27000390464557505
0.7495961227786753,0.905511811023622,0.26859782427838996
0.7495961227786753,0.9104330708661418,0.2632249613185305
0.752827140549273,0.9104330708661418,0.261443846934488
0.752827140549273,0.9114173228346457,0.25933822995549805
0.7592891760904685,0.9114173228346457,0.25460007756141595
0.7592891760904685,0.9124015748031497,0.25455612338956785
0.7625201938610663,0.9124015748031497,0.25310538766780954
0.7625201938610663,0.9133858267716536,0.25289353665118586
0.7641357027463651,0.9133858267716536,0.25214518833235466
0.7641357027463651,0.9143700787401575,0.2503297812734323
0.7657512116316639,0.9143700787401575,0.24962339200229336
0.7657512116316639,0.9153543307086615,0.2477771516285859
0.7689822294022617,0.9153543307086615,0.24688455384754002
0.7689822294022617,0.9183070866141733,0.24483490626952253
0.7722132471728594,0.9183070866141733,0.24337080834771593
0.7722132471728594,0.9192913385826772,0.24133860500831006
0.7738287560581584,0.9192913385826772,0.24021294468618912
0.7738287560581584,0.9202755905511811,0.2397004022742363
0.7802907915993538,0.9202755905511811,0.23572802799652792
0.7802907915993538,0.922244094488189,0.23511378520804588
0.7819063004846527,0.922244094488189,0.23457161173907093
0.7819063004846527,0.9232283464566929,0.23419344072177714
0.7835218093699515,0.9232283464566929,0.2331583035186759
0.7835218093699515,0.9242125984251969,0.23210445519286255
0.7915993537964459,0.9242125984251969,0.22839487368431025
0.7915993537964459,0.9251968503937008,0.22788566505204427
0.7932148626817448,0.9251968503937008,0.2256309449722365
0.7932148626817448,0.9261811023622047,0.22528623780559978
0.7980613893376414,0.9261811023622047,0.223771629524472
0.7980613893376414,0.9281496062992126,0.221011465609636
0.802907915993538,0.9281496062992126,0.21918615645857764
0.802907915993538,0.9301181102362205,0.21758073343077106
0.8077544426494345,0.9301181102362205,0.21704362248892262
0.8077544426494345,0.9311023622047244,0.21665977429952207
0.815831987075929,0.9311023622047244,0.2131184638432207
0.815831987075929,0.9320866141732284,0.2124456115462969
0.8222940226171244,0.9320866141732284,0.2101196167663576
0.8222940226171244,0.9340551181102362,0.2063227986518421
0.8287560581583199,0.9340551181102362,0.20109725967830733
0.8287560581583199,0.9360236220472441,0.2008057187740809
0.8303715670436187,0.9360236220472441,0.19907160282198677
0.8303715670436187,0.937007874015748,0.19862709986490312
0.8319870759289176,0.937007874015748,0.1969670125677277
0.8319870759289176,0.937992125984252,0.19527048207182374
0.8352180936995154,0.937992125984252,0.19431071416652967
0.8352180936995154,0.9389763779527559,0.19208787661934631
0.8368336025848142,0.9389763779527559,0.19164204107024146
0.8368336025848142,0.9399606299212598,0.19129636440614364
0.8384491114701131,0.9399606299212598,0.19064616912704496
0.8384491114701131,0.9448818897637795,0.178586398473438
0.8432956381260097,0.9448818897637795,0.1783810974996725
0.8432956381260097,0.9468503937007874,0.17775362312194565
0.8449111470113085,0.9468503937007874,0.17647241102940162
0.8449111470113085,0.9488188976377953,0.17504829461273608
0.8481421647819063,0.9488188976377953,0.1732075192473495
0.8481421647819063,0.9498031496062992,0.17267599307766202
0.851373182552504,0.9498031496062992,0.1715330847074016
0.851373182552504,0.9507874015748031,0.17139104546363243
0.8562197092084006,0.9507874015748031,0.16992379427606066
0.8562197092084006,0.9547244094488189,0.16205129382125888
0.8578352180936996,0.9547244094488189,0.16182498802546838
0.8578352180936996,0.9557086614173228,0.16116646971180418
0.8594507269789984,0.9557086614173228,0.16044002709405505
0.8594507269789984,0.9576771653543307,0.15832518804263127
0.8610662358642972,0.9576771653543307,0.15769804475143623
0.8610662358642972,0.9586614173228346,0.15704648276972907
0.8739903069466882,0.9586614173228346,0.14612457858774788
0.8739903069466882,0.9596456692913385,0.1456762896250268
0.875605815831987,0.9596456692913385,0.14478140331185205
0.875605815831987,0.9606299212598425,0.1439096943684613
0.8804523424878837,0.9606299212598425,0.14058734422560135
0.8804523424878837,0.9625984251968503,0.13848706917802384
0.8836833602584814,0.9625984251968503,0.13608272423851334
0.8836833602584814,0.9635826771653543,0.13466573565196152
0.8901453957996769,0.9635826771653543,0.1292591746753719
0.8901453957996769,0.9655511811023622,0.1263560444932874
0.8949919224555735,0.9655511811023622,0.11907147699822036
0.8949919224555735,0.9665354330708661,0.11898564517594058
0.8966074313408724,0.9665354330708661,0.11895759236651372
0.8966074313408724,0.96751968503937,0.11844429542466157
0.8982229402261712,0.96751968503937,0.11828472550205167
0.8982229402261712,0.968503937007874,0.11813901730722133
0.9079159935379645,0.968503937007874,0.11481448606739597
0.9079159935379645,0.969488188976378,0.11448346165956517
0.9095315024232633,0.969488188976378,0.11438055608007712
0.9095315024232633,0.9704724409448819,0.11375639517338426
0.9111470113085622,0.9704724409448819,0.11232198964997073
0.9111470113085622,0.9734251968503937,0.10893715705729198
0.9127625201938611,0.9734251968503937,0.10564023159702514
0.9127625201938611,0.9744094488188977,0.10542719487275615
0.9192245557350566,0.9744094488188977,0.10139533657762498
0.9192245557350566,0.9753937007874016,0.10092785326866273
0.9273021001615509,0.9753937007874016,0.09804294181710176
0.9273021001615509,0.9763779527559056,0.09342915300715567
0.9289176090468497,0.9763779527559056,0.09126457157532321
0.9289176090468497,0.9773622047244095,0.09069333834273577
0.9305331179321487,0.9773622047244095,0.08857997763335583
0.9305331179321487,0.9812992125984252,0.0823115552983665
0.9321486268174475,0.9812992125984252,0.0798613186402468
0.9321486268174475,0.9822834645669292,0.07826919725484699
0.9337641357027464,0.9822834645669292,0.07753539580330199
0.9337641357027464,0.9832677165354331,0.07428271186432905
0.9418416801292407,0.9832677165354331,0.07035788885887123
0.9418416801292407,0.9872047244094488,0.06628844158688346
0.9515347334410339,0.9872047244094488,0.06362068825488508
0.9515347334410339,0.9901574803149606,0.06067345688692231
0.9579967689822294,0.9901574803149606,0.0598871751001446
0.9579967689822294,0.9911417322834646,0.0584082812617032
0.9596122778675282,0.9911417322834646,0.05581167029448063
0.9596122778675282,0.9921259842519685,0.05575227904276024
0.975767366720517,0.9921259842519685,0.04504240866096055
0.975767366720517,0.9931102362204725,0.042714180723137214
0.9773828756058158,0.9931102362204725,0.042060984016935546
0.9773828756058158,0.9940944881889764,0.041796438758735496
0.9789983844911146,0.9940944881889764,0.040998396481612284
0.9789983844911146,0.9950787401574803,0.03959472562611162
0.9822294022617124,0.9950787401574803,0.035964145451100896
0.9822294022617124,0.9960629921259843,0.03592676313419095
0.9838449111470113,0.9960629921259843,0.03443564774246441
0.9838449111470113,0.9970472440944882,0.03328664984651404
0.9886914378029079,0.9970472440944882,0.027019833940156824
0.9886914378029079,0.9980314960629921,0.024991654630707367
0.9935379644588045,0.9980314960629921,0.018985917934851465
0.9935379644588045,1.0,0.016069945984116124
1.0,1.0,0.0033677914076399936
